user2,password2
user4,password4
user6,password6
user8,password8
user10,password10
user12,password12
user14,password14
user16,password16
user18,password18
user20,password20
user22,password22
user24,password24
user26,password26
user28,password28
user30,password30
user32,password32
user34,password34
user36,password36
user38,password38
user40,password40
user42,password42
user44,password44
user46,password46
user48,password48
user50,password50
user52,password52
user54,password54
user56,password56
user58,password58
user60,password60
user62,password62
user64,password64
user66,password66
user68,password68
user70,password70
user72,password72
user74,password74
user76,password76
user78,password78
user80,password80
user82,password82
user84,password84
user86,password86
user88,password88
user90,password90
user92,password92
user94,password94
user96,password96
user98,password98
user100,password100
user102,password102
user104,password104
user106,password106
user108,password108
user110,password110
user112,password112
user114,password114
user116,password116
user118,password118
user120,password120
user122,password122
user124,password124
user126,password126
user128,password128
user130,password130
user132,password132
user134,password134
user136,password136
user138,password138
user140,password140
user142,password142
user144,password144
user146,password146
user148,password148
user150,password150
user152,password152
user154,password154
user156,password156
user158,password158
user160,password160
user162,password162
user164,password164
user166,password166
user168,password168
user170,password170
user172,password172
user174,password174
user176,password176
user178,password178
user180,password180
user182,password182
user184,password184
user186,password186
user188,password188
user190,password190
user192,password192
user194,password194
user196,password196
user198,password198
user200,password200
