user1,password1
user3,password3
user5,password5
user7,password7
user9,password9
user11,password11
user13,password13
user15,password15
user17,password17
user19,password19
user21,password21
user23,password23
user25,password25
user27,password27
user29,password29
user31,password31
user33,password33
user35,password35
user37,password37
user39,password39
user41,password41
user43,password43
user45,password45
user47,password47
user49,password49
user51,password51
user53,password53
user55,password55
user57,password57
user59,password59
user61,password61
user63,password63
user65,password65
user67,password67
user69,password69
user71,password71
user73,password73
user75,password75
user77,password77
user79,password79
user81,password81
user83,password83
user85,password85
user87,password87
user89,password89
user91,password91
user93,password93
user95,password95
user97,password97
user99,password99
user101,password101
user103,password103
user105,password105
user107,password107
user109,password109
user111,password111
user113,password113
user115,password115
user117,password117
user119,password119
user121,password121
user123,password123
user125,password125
user127,password127
user129,password129
user131,password131
user133,password133
user135,password135
user137,password137
user139,password139
user141,password141
user143,password143
user145,password145
user147,password147
user149,password149
user151,password151
user153,password153
user155,password155
user157,password157
user159,password159
user161,password161
user163,password163
user165,password165
user167,password167
user169,password169
user171,password171
user173,password173
user175,password175
user177,password177
user179,password179
user181,password181
user183,password183
user185,password185
user187,password187
user189,password189
user191,password191
user193,password193
user195,password195
user197,password197
user199,password199
