user1,password1,COMP,
user2,password2,VENT,
user3,password3,COMP,
user4,password4,VENT,
user5,password5,COMP,
user6,password6,VENT,
user7,password7,COMP,
user8,password8,VENT,
user9,password9,COMP,
user10,password10,VENT,
user11,password11,COMP,
user12,password12,VENT,
user13,password13,COMP,
user14,password14,VENT,
user15,password15,COMP,
user16,password16,VENT,
user17,password17,COMP,
user18,password18,VENT,
user19,password19,COMP,
user20,password20,VENT,
user21,password21,COMP,
user22,password22,VENT,
user23,password23,COMP,
user24,password24,VENT,
user25,password25,COMP,
user26,password26,VENT,
user27,password27,COMP,
user28,password28,VENT,
user29,password29,COMP,
user30,password30,VENT,
user31,password31,COMP,
user32,password32,VENT,
user33,password33,COMP,
user34,password34,VENT,
user35,password35,COMP,
user36,password36,VENT,
user37,password37,COMP,
user38,password38,VENT,
user39,password39,COMP,
user40,password40,VENT,
user41,password41,COMP,
user42,password42,VENT,
user43,password43,COMP,
user44,password44,VENT,
user45,password45,COMP,
user46,password46,VENT,
user47,password47,COMP,
user48,password48,VENT,
user49,password49,COMP,
user50,password50,VENT,
user51,password51,COMP,
user52,password52,VENT,
user53,password53,COMP,
user54,password54,VENT,
user55,password55,COMP,
user56,password56,VENT,
user57,password57,COMP,
user58,password58,VENT,
user59,password59,COMP,
user60,password60,VENT,
user61,password61,COMP,
user62,password62,VENT,
user63,password63,COMP,
user64,password64,VENT,
user65,password65,COMP,
user66,password66,VENT,
user67,password67,COMP,
user68,password68,VENT,
user69,password69,COMP,
user70,password70,VENT,
user71,password71,COMP,
user72,password72,VENT,
user73,password73,COMP,
user74,password74,VENT,
user75,password75,COMP,
user76,password76,VENT,
user77,password77,COMP,
user78,password78,VENT,
user79,password79,COMP,
user80,password80,VENT,
user81,password81,COMP,
user82,password82,VENT,
user83,password83,COMP,
user84,password84,VENT,
user85,password85,COMP,
user86,password86,VENT,
user87,password87,COMP,
user88,password88,VENT,
user89,password89,COMP,
user90,password90,VENT,
user91,password91,COMP,
user92,password92,VENT,
user93,password93,COMP,
user94,password94,VENT,
user95,password95,COMP,
user96,password96,VENT,
user97,password97,COMP,
user98,password98,VENT,
user99,password99,COMP,
user100,password100,VENT,
user101,password101,COMP,
user102,password102,VENT,
user103,password103,COMP,
user104,password104,VENT,
user105,password105,COMP,
user106,password106,VENT,
user107,password107,COMP,
user108,password108,VENT,
user109,password109,COMP,
user110,password110,VENT,
user111,password111,COMP,
user112,password112,VENT,
user113,password113,COMP,
user114,password114,VENT,
user115,password115,COMP,
user116,password116,VENT,
user117,password117,COMP,
user118,password118,VENT,
user119,password119,COMP,
user120,password120,VENT,
user121,password121,COMP,
user122,password122,VENT,
user123,password123,COMP,
user124,password124,VENT,
user125,password125,COMP,
user126,password126,VENT,
user127,password127,COMP,
user128,password128,VENT,
user129,password129,COMP,
user130,password130,VENT,
user131,password131,COMP,
user132,password132,VENT,
user133,password133,COMP,
user134,password134,VENT,
user135,password135,COMP,
user136,password136,VENT,
user137,password137,COMP,
user138,password138,VENT,
user139,password139,COMP,
user140,password140,VENT,
user141,password141,COMP,
user142,password142,VENT,
user143,password143,COMP,
user144,password144,VENT,
user145,password145,COMP,
user146,password146,VENT,
user147,password147,COMP,
user148,password148,VENT,
user149,password149,COMP,
user150,password150,VENT,
user151,password151,COMP,
user152,password152,VENT,
user153,password153,COMP,
user154,password154,VENT,
user155,password155,COMP,
user156,password156,VENT,
user157,password157,COMP,
user158,password158,VENT,
user159,password159,COMP,
user160,password160,VENT,
user161,password161,COMP,
user162,password162,VENT,
user163,password163,COMP,
user164,password164,VENT,
user165,password165,COMP,
user166,password166,VENT,
user167,password167,COMP,
user168,password168,VENT,
user169,password169,COMP,
user170,password170,VENT,
user171,password171,COMP,
user172,password172,VENT,
user173,password173,COMP,
user174,password174,VENT,
user175,password175,COMP,
user176,password176,VENT,
user177,password177,COMP,
user178,password178,VENT,
user179,password179,COMP,
user180,password180,VENT,
user181,password181,COMP,
user182,password182,VENT,
user183,password183,COMP,
user184,password184,VENT,
user185,password185,COMP,
user186,password186,VENT,
user187,password187,COMP,
user188,password188,VENT,
user189,password189,COMP,
user190,password190,VENT,
user191,password191,COMP,
user192,password192,VENT,
user193,password193,COMP,
user194,password194,VENT,
user195,password195,COMP,
user196,password196,VENT,
user197,password197,COMP,
user198,password198,VENT,
user199,password199,COMP,
user200,password200,VENT,
